temperature_threshold,humidity_threshold,moisture_threshold,euclidian_threshold
0.30232339739799496,0.12799642115831367,0.1244282406568525,0.33284355551004363
